kind,name,line,dimen_or_index,within_or_default,has_derivation,already_loaded,references_variables,references,complexity,body_chars
param,datetime0,1,,,True,False,False,,simple,8
set,entity,16,,,False,True,False,,data_loaded,0
set,process,20,,entity,False,True,False,,data_loaded,0
set,node,21,,entity,False,True,False,,data_loaded,0
set,group,22,,,False,True,False,,data_loaded,0
set,commodity,23,,,False,True,False,,data_loaded,0
set,period_time,24,2,,False,True,False,,data_loaded,0
set,period__time_first,25,,period_time,False,True,False,,data_loaded,0
set,period__time_last,26,,period_time,False,True,False,,data_loaded,0
set,solve_period_timeset,27,3,,False,True,False,,data_loaded,0
set,solve_period,28,,,True,False,False,solve_period_timeset,simple,49
set,period_capacity,29,,,False,True,False,,data_loaded,0
set,period_solve,30,,,True,False,False,solve_period,simple,33
set,solve_current,31,1,,False,True,False,,data_loaded,0
set,period_from_model,32,1,,False,True,False,,data_loaded,0
set,period_from_period_time,33,,,True,False,False,period_time,simple,33
set,period,34,,,True,False,False,"period_from_model,period_from_period_time",multi_clause,47
set,period_first,35,1,period,False,True,False,,data_loaded,0
set,period_last,36,1,period,False,True,False,,data_loaded,0
set,branch_all,37,1,,False,True,False,,data_loaded,0
set,time_branch_all,38,1,,False,True,False,,data_loaded,0
set,period__branch,39,2,"{period, period}",False,True,False,,data_loaded,0
set,branch,40,,,True,False,False,period__branch,simple,33
set,period__year,41,2,,False,True,False,,data_loaded,0
set,year,42,,,True,False,False,period__year,simple,32
set,timeline__timestep__duration,43,3,,False,True,False,,data_loaded,0
set,time,44,,,True,False,False,timeline__timestep__duration,simple,61
set,timeset__timeline,45,2,,False,True,False,,data_loaded,0
set,timeline,46,,,True,False,False,timeset__timeline,simple,41
set,period__timeline,47,,,True,False,False,"period,solve_current,solve_period_timeset,timeline,timeset__timeline",joining,127
set,method,48,,,False,False,False,,data_loaded,0
set,upDown,49,,,False,False,False,,data_loaded,0
set,ct_method,50,,,False,False,False,,data_loaded,0
set,ct_method_constant,51,,ct_method,False,False,False,,data_loaded,0
set,ct_method_regular,52,,ct_method,False,False,False,,data_loaded,0
set,startup_method,53,,,False,False,False,,data_loaded,0
set,startup_method_no,54,,startup_method,False,False,False,,data_loaded,0
set,fork_method,55,,,False,False,False,,data_loaded,0
set,fork_method_yes,56,,fork_method,False,False,False,,data_loaded,0
set,fork_method_no,57,,fork_method,False,False,False,,data_loaded,0
set,reserve_method,58,,,False,False,False,,data_loaded,0
set,ramp_method,59,,,False,False,False,,data_loaded,0
set,ramp_limit_method,60,,ramp_method,False,False,False,,data_loaded,0
set,ramp_cost_method,61,,ramp_method,False,False,False,,data_loaded,0
set,profile,62,,,False,True,False,,data_loaded,0
set,profile_method,63,,,False,False,False,,data_loaded,0
set,debug,64,,,False,True,False,,data_loaded,0
set,test_dt,65,2,,False,False,False,,data_loaded,0
set,test_t,66,1,,False,False,False,,data_loaded,0
set,model,67,,,False,True,False,,data_loaded,0
set,constraint,68,,,False,True,False,,data_loaded,0
set,sense,70,,,False,False,False,,data_loaded,0
set,sense_greater_than,71,,sense,False,False,False,,data_loaded,0
set,sense_less_than,72,,sense,False,False,False,,data_loaded,0
set,sense_equal,73,,sense,False,False,False,,data_loaded,0
set,commodityParam,74,,,False,False,False,,data_loaded,0
set,commodityPeriodParam,76,,commodityParam,False,False,False,,data_loaded,0
set,commodityTimeParam,77,,commodityParam,False,False,False,,data_loaded,0
set,nodeParam,78,,,False,False,False,,data_loaded,0
set,nodeParam_def1,79,,nodeParam,False,False,False,,data_loaded,0
set,nodePeriodParam,80,,,False,False,False,,data_loaded,0
set,nodePeriodParamRequired,81,,nodePeriodParam,False,False,False,,data_loaded,0
set,nodePeriodParamInvest,82,,nodePeriodParam,False,False,False,,data_loaded,0
set,nodeTimeParam,83,,nodeParam,False,False,False,,data_loaded,0
set,nodeTimeParamRequired,84,,nodeParam,False,False,False,,data_loaded,0
set,processParam,85,,,False,False,False,,data_loaded,0
set,processParam_def1,86,,processParam,False,False,False,,data_loaded,0
set,processPeriodParam,87,,,False,False,False,,data_loaded,0
set,processTimeParam,88,,processParam,False,False,False,,data_loaded,0
set,processPeriodParamRequired,89,,processPeriodParam,False,False,False,,data_loaded,0
set,processPeriodParamInvest,90,,processPeriodParam,False,False,False,,data_loaded,0
set,processTimeParamRequired,91,,processParam,False,False,False,,data_loaded,0
set,sourceSinkParam,92,,,False,False,False,,data_loaded,0
set,sourceSinkTimeParam,93,,sourceSinkParam,False,False,False,,data_loaded,0
set,sourceSinkTimeParamRequired,94,,sourceSinkParam,False,False,False,,data_loaded,0
set,sourceSinkPeriodParam,95,,sourceSinkParam,False,False,False,,data_loaded,0
set,sourceSinkPeriodParamRequired,96,,sourceSinkParam,False,False,False,,data_loaded,0
set,reserveParam,97,,,False,False,False,,data_loaded,0
set,reserveTimeParam,98,,reserveParam,False,False,False,,data_loaded,0
set,groupParam,99,,,False,False,False,,data_loaded,0
set,groupPeriodParam,100,,,False,False,False,,data_loaded,0
set,groupTimeParam,101,,groupParam,False,False,False,,data_loaded,0
set,exclude_entity_outputs,102,,,False,True,False,,data_loaded,0
set,def_optional_outputs,104,2,,False,False,False,,data_loaded,0
set,optional_outputs,105,2,,False,True,False,,data_loaded,0
set,optional_yes,106,,,True,False,False,optional_outputs,simple,65
set,def_optional_yes,107,,,True,False,False,"def_optional_outputs,optional_outputs",simple,110
set,enable_optional_outputs,108,,,True,False,False,"def_optional_yes,optional_yes",multi_clause,35
set,reserve__upDown__group__method,109,4,,False,True,False,,data_loaded,0
set,reserve__upDown__group,111,,,True,False,False,reserve__upDown__group__method,simple,86
set,reserve,112,,,True,False,False,reserve__upDown__group__method,simple,62
set,reserve__upDown__group__reserveParam__time,113,5,"{reserve, upDown, group, reserveTimeParam, time}",False,True,False,,data_loaded,0
set,group__param,114,2,"{group, groupParam}",False,True,False,,data_loaded,0
set,group__param__period,116,3,,False,True,False,,data_loaded,0
set,group__param__time,117,3,"{group, groupTimeParam, time}",False,True,False,,data_loaded,0
set,node__param__period,118,3,,False,True,False,,data_loaded,0
set,commodity__param__period,119,3,,False,True,False,,data_loaded,0
set,commodity__param__time,120,3,,False,True,False,,data_loaded,0
set,process__param__period,121,3,,False,True,False,,data_loaded,0
set,period_group,122,,,True,False,False,group__param__period,simple,49
set,period_node,124,,,True,False,False,node__param__period,simple,48
set,period_commodity,125,,,True,False,False,commodity__param__period,simple,53
set,period_process,126,,,True,False,False,process__param__period,simple,51
set,periodAll,127,,,True,False,False,"branch,period_commodity,period_group,period_node,period_process,period_solve",multi_clause,106
param,p_group,129,"{g in group, groupParam}",0,False,False,False,,data_loaded,0
param,pd_group,132,"{g in group, groupPeriodParam, d in periodAll}",0,False,False,False,,data_loaded,0
param,pt_group,133,"{g in group, groupTimeParam, time}",0,False,True,False,,data_loaded,0
param,p_group__process,134,"{g in group, p in process, groupParam}",,False,False,False,,data_loaded,0
set,method_1var_off,135,,method,False,False,False,,data_loaded,0
set,method_1way_off,139,,method,False,False,False,,data_loaded,0
set,method_1way_LP,140,,method,False,False,False,,data_loaded,0
set,method_1way_MIP,141,,method,False,False,False,,data_loaded,0
set,method_2way_off,142,,method,False,False,False,,data_loaded,0
set,method_1way_1var_on,143,,method,False,False,False,,data_loaded,0
set,method_1way_nvar_on,144,,method,False,False,False,,data_loaded,0
set,method_1way,145,,method,False,False,False,,data_loaded,0
set,method_1way_1var,146,,method,False,False,False,,data_loaded,0
set,method_2way_1var,147,,method,False,False,False,,data_loaded,0
set,method_2way,148,,method,False,False,False,,data_loaded,0
set,method_2way_2var,149,,method,False,False,False,,data_loaded,0
set,method_2way_nvar,150,,method,False,False,False,,data_loaded,0
set,method_1way_on,151,,method,False,False,False,,data_loaded,0
set,method_2way_on,152,,method,False,False,False,,data_loaded,0
set,method_1var,153,,method,False,False,False,,data_loaded,0
set,method_nvar,154,,method,False,False,False,,data_loaded,0
set,method_off,155,,method,False,False,False,,data_loaded,0
set,method_on,156,,method,False,False,False,,data_loaded,0
set,method_LP,157,,method,False,False,False,,data_loaded,0
set,method_MIP,158,,method,False,False,False,,data_loaded,0
set,method_direct,159,,method,False,False,False,,data_loaded,0
set,method_indirect,160,,method,False,False,False,,data_loaded,0
set,method_1var_per_way,161,,method,False,False,False,,data_loaded,0
set,invest_method,162,,,False,False,False,,data_loaded,0
set,invest_method_not_allowed,164,,invest_method,False,False,False,,data_loaded,0
set,divest_method_not_allowed,165,,invest_method,False,False,False,,data_loaded,0
set,lifetime_method,166,,,False,False,False,,data_loaded,0
set,lifetime_method_default,167,,lifetime_method,False,False,False,,data_loaded,0
set,co2_method,168,,,False,False,False,,data_loaded,0
set,co2_price_method,169,,co2_method,False,False,False,,data_loaded,0
set,co2_max_period_method,170,,co2_method,False,False,False,,data_loaded,0
set,co2_max_total_method,171,,co2_method,False,False,False,,data_loaded,0
set,price_method,172,,,False,False,False,,data_loaded,0
set,entity__invest_method,173,2,"{entity, invest_method}",False,True,False,,data_loaded,0
set,entityDivest,174,,,True,False,False,"divest_method_not_allowed,entity__invest_method",simple,80
set,entityInvest,175,,,True,False,False,"entity__invest_method,invest_method_not_allowed",simple,80
set,entity__lifetime_method_read,176,2,"{entity, lifetime_method}",False,True,False,,data_loaded,0
set,entity__lifetime_method,177,,,True,False,False,"entity,entity__lifetime_method_read,lifetime_method,lifetime_method_default",joining,164
param,investableEntities,179,,,True,False,False,entityInvest,simple,24
set,group__invest_method,180,2,"{group, invest_method}",False,True,False,,data_loaded,0
set,group_invest,181,,,True,False,False,"group__invest_method,invest_method_not_allowed",simple,79
set,group_divest,182,,,True,False,False,"divest_method_not_allowed,group__invest_method",simple,79
set,group__co2_method,183,2,"{group, co2_method}",False,True,False,,data_loaded,0
set,group_co2_price,184,,,True,False,False,"co2_price_method,group__co2_method",simple,63
set,group_co2_max_period,185,,,True,False,False,"co2_max_period_method,group__co2_method",simple,68
set,group_co2_max_total,186,,,True,False,False,"co2_max_total_method,group__co2_method",simple,67
set,node_type,187,,,False,False,False,,data_loaded,0
param,p_node_type,188,{n in node},'balance',False,False,False,,data_loaded,0
set,nodeCommodity,189,,,True,False,False,"commodity,node,p_node_type",simple,42
set,nodeBalance,190,,,True,False,False,"balance,node,p_node_type",simple,70
set,nodeState,191,,,True,False,False,"node,p_node_type",simple,40
set,nodeBalancePeriod,192,,,True,False,False,"node,p_node_type",simple,54
set,inflow_method,193,,,False,False,False,,data_loaded,0
set,inflow_method_default,194,,inflow_method,False,False,False,,data_loaded,0
set,node__inflow_method_read,195,,"{node, inflow_method}",False,True,False,,data_loaded,0
set,node__inflow_method,196,2,"{node, inflow_method}",True,False,False,"inflow_method,inflow_method_default,node,node__inflow_method_read",joining,150
set,storage_binding_method,198,,,False,False,False,,data_loaded,0
set,storage_binding_method_default,199,,storage_binding_method,False,False,False,,data_loaded,0
set,node__storage_binding_method_read,200,,"{node, storage_binding_method}",False,True,False,,data_loaded,0
set,node__storage_binding_method,201,2,"{node, storage_binding_method}",True,False,False,"node,node__storage_binding_method_read,storage_binding_method,storage_binding_method_default",joining,186
set,storage_start_end_method,203,,,False,False,False,,data_loaded,0
set,node__storage_start_end_method,204,,"{node, storage_start_end_method}",False,True,False,,data_loaded,0
set,storage_solve_horizon_method,205,,,False,False,False,,data_loaded,0
set,node__storage_solve_horizon_method,206,,"{node, storage_solve_horizon_method}",False,True,False,,data_loaded,0
set,storage_nested_fix_method,207,,,False,False,False,,data_loaded,0
set,node__storage_nested_fix_method,208,,"{node, storage_nested_fix_method}",False,True,False,,data_loaded,0
set,rp_base__rep,209,2,,False,True,False,,data_loaded,0
set,rp_base_chain,212,2,,False,True,False,,data_loaded,0
set,rp_base_first,213,1,,False,True,False,,data_loaded,0
set,rp_base_last,214,1,,False,True,False,,data_loaded,0
set,rp_block_first,215,2,,False,True,False,,data_loaded,0
set,rp_block_last,216,2,,False,True,False,,data_loaded,0
set,rp_base_period,217,,,True,False,False,rp_base__rep,simple,32
set,rp_rep_period,218,,,True,False,False,rp_base__rep,simple,32
set,nodeState_rp,219,,,True,False,False,"nodeState,node__storage_binding_method",simple,84
set,period_block_time,220,3,,False,True,False,,data_loaded,0
set,period_block_succ,227,3,a,False,True,False,,data_loaded,0
set,period_block,228,,,True,False,False,period_block_time,simple,45
set,nodeStateBlock,229,,,True,False,False,"nodeState,node__storage_binding_method",simple,81
set,node__block,230,2,,False,True,False,,data_loaded,0
set,process_side,238,,,True,False,False,,simple,18
set,process__side__block,239,3,,False,True,False,,data_loaded,0
set,process__block,240,2,,False,True,False,,data_loaded,0
set,block__period__step,247,3,,False,True,False,,data_loaded,0
set,overlap,250,5,,False,True,False,,data_loaded,0
set,block_dtttdt,255,7,,False,True,False,,data_loaded,0
set,block__period__time_first,262,3,,False,True,False,,data_loaded,0
set,block__period__time_last,266,3,,False,True,False,,data_loaded,0
set,block,267,,,True,False,False,"block__period__step,node__block,overlap,process__block,process__side__block",multi_clause,314
set,node__profile__profile_method,275,3,"{node,profile,profile_method}",False,True,False,,data_loaded,0
set,group_node,277,2,"{group, node}",False,True,False,,data_loaded,0
set,group_process,278,2,"{group, process}",False,True,False,,data_loaded,0
set,group_process_node,279,3,"{group, process, node}",False,True,False,,data_loaded,0
set,group_entity,280,,,True,False,False,"group_node,group_process",multi_clause,30
set,groupInertia,281,,group,False,True,False,,data_loaded,0
set,groupNonSync,282,,group,False,True,False,,data_loaded,0
set,groupCapacityMargin,283,,group,False,True,False,,data_loaded,0
set,nodeGroupIndicators,284,,group,False,True,False,,data_loaded,0
set,flowGroupIndicators,285,,group,False,True,False,,data_loaded,0
set,nodeGroupDispatch,286,,group,False,True,False,,data_loaded,0
set,nodeGroupDispatch_node,287,,,True,False,False,"group_node,nodeGroupDispatch",simple,55
set,flowAggregator,289,,group,False,True,False,,data_loaded,0
set,group__loss_share_type,290,2,,False,True,False,,data_loaded,0
set,group_loss_share,292,,,True,False,False,group__loss_share_type,simple,58
set,process_unit,293,,process,False,True,False,,data_loaded,0
set,process_connection,295,,process,False,True,False,,data_loaded,0
set,process__ct_method_read,296,2,"{process, ct_method}",False,True,False,,data_loaded,0
set,process__ct_method,297,2,"{process, ct_method}",True,False,False,"ct_method,ct_method_constant,ct_method_regular,process,process__ct_method_read,process_connection,process_unit",joining,281
set,process__startup_method_read,302,2,"{process, startup_method}",False,True,False,,data_loaded,0
set,process__startup_method,303,2,"{process, startup_method}",True,False,False,"process,process__startup_method_read,startup_method,startup_method_no",joining,158
set,process_node_ramp_method,305,3,"{process, node, ramp_method}",False,True,False,,data_loaded,0
set,methods,306,4,,False,False,False,,data_loaded,0
set,process__profile__profile_method,307,3,"{process, profile, profile_method}",False,True,False,,data_loaded,0
set,process__node__profile__profile_method,308,4,"{process, node, profile, profile_method}",False,True,False,,data_loaded,0
set,process_source,309,2,"{process, entity}",False,True,False,,data_loaded,0
set,process_sink,310,2,"{process, entity}",False,True,False,,data_loaded,0
set,process__sink_nonSync_unit,311,2,"{process, node}",False,True,False,,data_loaded,0
set,process_nonSync_connection,313,1,{process},False,True,False,,data_loaded,0
set,node_dc_power_flow,314,,node,False,True,False,,data_loaded,0
set,connection_dc_power_flow,316,,process_connection,False,True,False,,data_loaded,0
set,node_reference_angle,317,,node,False,True,False,,data_loaded,0
set,process_reserve_upDown_node,318,4,,False,True,False,,data_loaded,0
set,process_node_flow_constraint,320,3,"{process, node, constraint}",False,True,False,,data_loaded,0
set,process_capacity_constraint_invested,321,2,"{process, constraint}",False,True,False,,data_loaded,0
set,node_capacity_constraint_invested,322,2,"{node, constraint}",False,True,False,,data_loaded,0
set,process_capacity_constraint_prebuilt,323,2,"{process, constraint}",False,True,False,,data_loaded,0
set,node_capacity_constraint_prebuilt,324,2,"{node, constraint}",False,True,False,,data_loaded,0
set,node_state_constraint,325,2,"{node, constraint}",False,True,False,,data_loaded,0
set,constraint__sense,326,2,"{constraint, sense}",False,True,False,,data_loaded,0
set,commodity_node,327,2,"{commodity, node}",False,True,False,,data_loaded,0
set,commodity__tier_cum,328,2,,False,True,False,,data_loaded,0
set,commodity__tier__period_ann,338,3,,False,True,False,,data_loaded,0
set,commodity__tier_ann,344,,,True,False,False,commodity__tier__period_ann,simple,55
set,commodity__tier,345,,,True,False,False,"commodity__tier_ann,commodity__tier_cum",multi_clause,45
set,tier,346,,,True,False,False,commodity__tier,simple,37
set,dt,347,2,period_time,False,True,False,,data_loaded,0
param,dt_jump,349,"{(d, t) in dt}",,False,True,False,,data_loaded,0
set,dtttdt,350,6,,False,True,False,,data_loaded,0
set,dtt,351,,,True,False,False,dtttdt,simple,120
set,period_invest,352,1,period,False,True,False,,data_loaded,0
set,d_realize_invest,353,1,period,False,True,False,,data_loaded,0
set,period_with_history,354,1,periodAll,False,True,False,,data_loaded,0
param,p_period_from_solve,355,{period_with_history},,False,True,False,,data_loaded,0
set,time_in_use,356,,,True,False,False,dt,simple,24
set,period_in_use,357,,,True,False,False,dt,simple,24
set,period_first_of_solve,358,1,period,False,True,False,,data_loaded,0
set,dt_realize_dispatch_input,359,2,period_time,False,True,False,,data_loaded,0
set,dt_realize_dispatch,361,,,True,False,False,"dt,dt_realize_dispatch_input,enable_optional_outputs",conditional,85
set,d_realized_period,362,,,True,False,False,dt_realize_dispatch,simple,41
set,realized_period__time_last,363,2,period_time,False,True,False,,data_loaded,0
set,d_realize_dispatch_or_invest,364,,,True,False,False,"d_realize_invest,d_realized_period",multi_clause,40
set,dt_complete,365,2,period_time,False,True,False,,data_loaded,0
set,complete_time_in_use,367,,,True,False,False,dt_complete,simple,33
param,complete_step_duration,368,"{(d, t) in dt_complete}",,False,False,False,,data_loaded,0
set,timeline_steps,369,,,True,False,False,timeline__timestep__duration,simple,63
param,p_timeline_step_duration,370,{timeline_steps},,False,True,False,,data_loaded,0
param,p_timeline_duration_in_years,371,{tl in timeline},,True,False,False,"p_timeline_step_duration,timeline_steps",simple,66
set,dt_fix_storage_timesteps,372,2,period_time,False,True,False,,data_loaded,0
set,d_fix_storage_period,374,,,True,False,False,dt_fix_storage_timesteps,simple,46
set,ndt_fix_storage_price,375,3,"{node, period_solve, time}",False,True,False,,data_loaded,0
set,ndt_fix_storage_quantity,376,3,"{node, period_solve, time}",False,True,False,,data_loaded,0
set,ndt_fix_storage_usage,377,3,"{node, period_solve, time}",False,True,False,,data_loaded,0
set,n_fix_storage_quantity,378,,,True,False,False,ndt_fix_storage_quantity,simple,45
set,n_fix_storage_price,379,,,True,False,False,ndt_fix_storage_price,simple,42
set,n_fix_storage_usage,380,,,True,False,False,ndt_fix_storage_usage,simple,42
set,dtt_timeline_matching,381,3,"{period,time,time}",False,True,False,,data_loaded,0
param,p_fix_storage_price,382,"{node, period_solve, time}",,False,True,False,,data_loaded,0
param,p_fix_storage_quantity,384,"{node, period_solve, time}",,False,True,False,,data_loaded,0
param,p_fix_storage_usage,385,"{node, period_solve, time}",,False,True,False,,data_loaded,0
param,p_roll_continue_state,386,{node},,False,False,False,,data_loaded,0
set,startTime,387,1,time,False,False,False,,data_loaded,0
set,startNext,389,1,time,False,False,False,,data_loaded,0
param,startNext_index,390,,,True,False,False,"startNext,time",simple,61
set,modelParam,391,,,False,False,False,,data_loaded,0
set,process__param,392,2,"{process, processParam}",False,True,False,,data_loaded,0
set,process__param__time,394,3,"{process, processTimeParam, time}",False,True,False,,data_loaded,0
set,process__param_t,395,,,True,False,False,process__param__time,simple,56
set,profile_param,396,1,{profile},False,True,False,,data_loaded,0
set,profile_param__time,397,2,"{profile, time}",False,True,False,,data_loaded,0
set,connection__param,398,,,True,False,False,"process__param,process_connection",simple,56
set,connection__param__time,400,,,True,False,False,"process__param__time,process_connection",simple,68
set,connection__param_t,401,,,True,False,False,connection__param__time,simple,77
set,process__source__param,402,3,"{process_source, sourceSinkParam}",False,True,False,,data_loaded,0
set,process__source__param__time,403,4,"{process_source, sourceSinkTimeParam, time}",False,True,False,,data_loaded,0
set,process__source__param__period,404,4,"{process_source, sourceSinkPeriodParam, period}",False,True,False,,data_loaded,0
set,process__source__param_t,405,,,True,False,False,process__source__param__time,simple,80
set,process__sink__param,406,3,"{process_sink, sourceSinkParam}",False,True,False,,data_loaded,0
set,process__sink__param__time,407,4,"{process_sink, sourceSinkTimeParam, time}",False,True,False,,data_loaded,0
set,process__sink__param_t,408,,,True,False,False,process__sink__param__time,simple,74
set,process__sink__param__period,409,4,"{process_sink, sourceSinkPeriodParam, period}",False,True,False,,data_loaded,0
set,node__param,410,2,"{node, nodeParam}",False,True,False,,data_loaded,0
set,node__param__time,412,3,"{node, nodeTimeParam, time}",False,True,False,,data_loaded,0
set,node__time_inflow,413,2,"{node, time}",False,True,False,,data_loaded,0
param,p_model,414,{modelParam},,False,False,False,,data_loaded,0
param,p_nested_model,416,{modelParam},,False,False,False,,data_loaded,0
param,p_commodity,417,"{c in commodity, commodityParam}",0,False,False,False,,data_loaded,0
param,pd_commodity,418,"{c in commodity, commodityPeriodParam, d in periodAll}",0,False,False,False,,data_loaded,0
param,pt_commodity,419,"{c in commodity, commodityTimeParam, time}",0,False,True,False,,data_loaded,0
param,p_commodity_price_method,420,{c in commodity},'price',False,False,False,,data_loaded,0
param,p_commodity_unitsize,421,{c in commodity},1.0,False,False,False,,data_loaded,0
param,p_ladder_cum_price,422,"{(c, i) in commodity__tier_cum}",0,False,True,False,,data_loaded,0
param,p_ladder_cum_quantity,429,"{(c, i) in commodity__tier_cum}",1e30,False,True,False,,data_loaded,0
param,p_ladder_ann_price,430,"{(c, i) in commodity__tier_ann, d in periodAll}",0,False,True,False,,data_loaded,0
param,p_ladder_ann_quantity,435,"{(c, i) in commodity__tier_ann, d in periodAll}",1e30,False,True,False,,data_loaded,0
param,p_ladder_cum_realized_mwh,436,"{c in commodity, i in tier, d in periodAll}",0,False,False,False,,data_loaded,0
param,p_ladder_cum_sim_hours,454,{d in periodAll},0,False,False,False,,data_loaded,0
param,p_co2_cum_realized_tonnes,455,"{g in group, d in periodAll}",0,False,False,False,,data_loaded,0
set,commodity_with_ladder,463,,,True,False,False,"commodity,p_commodity_price_method",simple,57
set,commodity_with_ladder_annual,468,,,True,False,False,"commodity,p_commodity_price_method",simple,71
set,commodity_with_ladder_cumulative,469,,,True,False,False,"commodity,p_commodity_price_method",simple,75
param,p_node,470,"{node, nodeParam}",0,False,False,False,,data_loaded,0
param,pd_node,472,"{node, nodePeriodParam, periodAll}",0,False,False,False,,data_loaded,0
param,pt_node,473,"{node, nodeTimeParam, time}",0,False,True,False,,data_loaded,0
param,pt_node_inflow,474,"{node, time}",0,False,True,False,,data_loaded,0
param,p_process_source,475,"{(p, source) in process_source, sourceSinkParam}",0,False,False,False,,data_loaded,0
param,pt_process_source,477,"{(p, source) in process_source, sourceSinkTimeParam, time}",0,False,True,False,,data_loaded,0
param,pd_process_source,478,"{(p, source) in process_source, sourceSinkPeriodParam, period}",0,False,True,False,,data_loaded,0
param,p_process_sink,479,"{(p, sink) in process_sink, sourceSinkParam}",0,False,False,False,,data_loaded,0
param,pt_process_sink,480,"{(p, sink) in process_sink, sourceSinkTimeParam, time}",0,False,True,False,,data_loaded,0
param,pd_process_sink,481,"{(p, sink) in process_sink, sourceSinkPeriodParam, period}",0,False,True,False,,data_loaded,0
param,p_process_source_flow_coefficient,482,"{(p, source) in process_source}",1,False,False,False,,data_loaded,0
param,p_process_sink_flow_coefficient,484,"{(p, sink) in process_sink}",1,False,False,False,,data_loaded,0
param,p_process_source_max_capacity_coefficient,485,"{(p, source) in process_source}",1,False,False,False,,data_loaded,0
param,p_process_sink_max_capacity_coefficient,486,"{(p, sink) in process_sink}",1,False,False,False,,data_loaded,0
param,p_process_source_min_capacity_coefficient,487,"{(p, source) in process_source}",1,False,False,False,,data_loaded,0
param,p_process_sink_min_capacity_coefficient,488,"{(p, sink) in process_sink}",1,False,False,False,,data_loaded,0
param,p_profile,489,{profile},,False,False,False,,data_loaded,0
param,pt_profile,491,"{profile, time}",,False,True,False,,data_loaded,0
param,reserveParam_defaults,492,{rp in reserveParam},,True,False,False,,conditional,80
param,p_reserve_upDown_group,494,"{reserve, upDown, group, rp in reserveParam}",reserveParam_defaults[rp],False,False,False,,data_loaded,0
param,pt_reserve_upDown_group,495,"{reserve, upDown, group, reserveTimeParam, time}",,False,True,False,,data_loaded,0
param,p_process_reserve_upDown_node,496,"{p in process, r in reserve, ud in upDown, n in node, rp in reserveParam}",reserveParam_defaults[rp],False,False,False,,data_loaded,0
param,p_process,497,"{process, processParam}",0,False,False,False,,data_loaded,0
param,pd_process,499,"{process, processPeriodParam, periodAll}",0,False,False,False,,data_loaded,0
param,pt_process,500,"{process, processTimeParam, time}",0,False,True,False,,data_loaded,0
param,p_connection_susceptance,501,{p in connection_dc_power_flow},,False,False,False,,data_loaded,0
param,p_constraint_constant,502,{constraint},0,False,False,False,,data_loaded,0
param,p_process_node_constraint_flow_coefficient,504,"{process, node, constraint}",,False,False,False,,data_loaded,0
param,p_process_constraint_invested_capacity_coefficient,505,"{process, constraint}",,False,False,False,,data_loaded,0
param,p_node_constraint_invested_capacity_coefficient,506,"{node, constraint}",,False,False,False,,data_loaded,0
param,p_process_constraint_prebuilt_capacity_coefficient,507,"{process, constraint}",,False,False,False,,data_loaded,0
param,p_node_constraint_prebuilt_capacity_coefficient,508,"{node, constraint}",,False,False,False,,data_loaded,0
param,p_node_constraint_state_coefficient,509,"{node, constraint}",,False,False,False,,data_loaded,0
param,step_duration,510,"{(d, t) in dt}",,False,True,False,,data_loaded,0
param,block_step_duration,511,"{(b, d, t) in block__period__step}",,False,True,False,,data_loaded,0
param,p_overlap,517,{overlap},0,False,True,False,,data_loaded,0
param,p_hole_multiplier,521,{solve_current},1,False,False,False,,data_loaded,0
param,p_use_row_scaling,522,{solve_current},0,False,False,False,,data_loaded,0
param,p_rp_weight,528,{rp_base__rep},0,False,True,False,,data_loaded,0
param,p_rp_last_step,531,{rp_rep_period},,False,True,False,,data_loaded,0
param,p_rp_cost_weight,532,"{(d,t) in dt}",1,False,True,False,,data_loaded,0
param,p_years_represented,533,"{d in period, y in year}",1,False,True,False,,data_loaded,0
param,p_years_from_solve,535,"{d in period, y in year}",0,False,True,False,,data_loaded,0
param,p_discount_years,536,{d in period},0,False,True,False,,data_loaded,0
param,p_inflation_rate,537,{model},0,False,False,False,,data_loaded,0
param,p_inflation_offset_investment,538,{model},0,False,False,False,,data_loaded,0
param,p_inflation_offset_operations,539,{model},0.5,False,False,False,,data_loaded,0
param,p_max_flow_for_unconstrained_variables,540,{model},1000000,False,False,False,,data_loaded,0
param,p_entity_divested,541,{e in entity : e in entityDivest},,False,False,False,,data_loaded,0
set,ed_history_realized_read,543,2,"{e in entity, d in period_with_history}",False,True,False,,data_loaded,0
param,p_entity_period_existing_capacity,544,"{e in entity, d in period_with_history}",,False,False,False,,data_loaded,0
param,p_entity_period_invested_capacity,545,"{e in entity, d in period_with_history}",,False,False,False,,data_loaded,0
set,delay_duration,546,1,,False,True,False,,data_loaded,0
set,process_delay_weighted__delay_duration,551,2,"{process, delay_duration}",False,True,False,,data_loaded,0
set,dtt__delay_duration,552,4,"{period, time, time, delay_duration}",False,True,False,,data_loaded,0
param,p_process_delay_weighted,553,"{process, delay_duration}",,False,False,False,,data_loaded,0
set,process_delay_single__delay_duration,554,2,"{process, delay_duration}",False,True,False,,data_loaded,0
set,groupStochastic,555,1,{group},False,True,False,,data_loaded,0
set,solve_branch__time_branch,560,2,"{branch_all, time_branch_all}",False,True,False,,data_loaded,0
param,p_branch_weight_input,561,{b in branch},1,False,False,False,,data_loaded,0
param,pd_branch_weight,562,{d in period_in_use},,True,False,False,"p_branch_weight_input,period__branch,period__time_first",simple,171
param,pdt_branch_weight,565,"{(d,t) in dt}",,True,False,False,"dt,p_branch_weight_input,period__branch",simple,123
set,dt_non_anticipativity,568,,,True,False,False,"dt_fix_storage_timesteps,dt_realize_dispatch_input",multi_clause,56
set,process__param__branch__time,570,5,"{process, processTimeParam, time_branch_all, time, time}",False,True,False,,data_loaded,0
set,profile__branch__time,573,4,"{profile, time_branch_all, time, time}",False,True,False,,data_loaded,0
set,process__source__param__branch__time,574,6,"{process_source, sourceSinkTimeParam, time_branch_all, time, time}",False,True,False,,data_loaded,0
set,process__sink__param__branch__time,575,6,"{process_sink, sourceSinkTimeParam, time_branch_all, time, time}",False,True,False,,data_loaded,0
set,node__param__branch__time,576,5,"{node, nodeTimeParam, time_branch_all, time, time}",False,True,False,,data_loaded,0
set,node__branch__time_inflow,577,4,"{node, time_branch_all, time, time}",False,True,False,,data_loaded,0
set,reserve__upDown__group__reserveParam__branch__time,578,7,"{reserve, upDown, group, reserveTimeParam, time_branch_all, time, time}",False,True,False,,data_loaded,0
param,pbt_node,579,"{node, nodeTimeParam, time_branch_all, time, time}",0,False,True,False,,data_loaded,0
param,pbt_node_inflow,581,"{node, time_branch_all, time, time}",0,False,True,False,,data_loaded,0
param,pbt_process_source,582,"{(p, source) in process_source, sourceSinkTimeParam, time_branch_all, time, time}",0,False,True,False,,data_loaded,0
param,pbt_process_sink,583,"{(p, sink) in process_sink, sourceSinkTimeParam, time_branch_all, time, time}",0,False,True,False,,data_loaded,0
param,pbt_profile,584,"{profile, time_branch_all, time, time}",0,False,True,False,,data_loaded,0
param,pbt_reserve_upDown_group,585,"{reserve, upDown, group, reserveTimeParam, time_branch_all, time, time}",0,False,True,False,,data_loaded,0
param,pbt_process,586,"{process, processTimeParam, time_branch_all, time, time}",0,False,True,False,,data_loaded,0
set,_scale_obj_keys,587,1,,False,True,False,,data_loaded,0
param,_scale_obj_from_csv,597,{_scale_obj_keys},0,False,True,False,,data_loaded,0
set,_scale_state_keys,598,1,,False,True,False,,data_loaded,0
param,_scale_state_from_csv,599,{_scale_state_keys},0,False,True,False,,data_loaded,0
param,scale_the_objective,600,,,True,False,False,"_scale_obj_from_csv,_scale_obj_keys",conditional,103
param,scale_the_state,603,,,True,False,False,"_scale_state_from_csv,_scale_state_keys",conditional,106
set,param_costs,606,1,,False,False,False,,data_loaded,0
param,costs_discounted,608,{param_costs},0,False,False,False,,data_loaded,0
set,param_co2,609,1,,False,False,False,,data_loaded,0
param,model_co2,610,{param_co2},0,False,True,False,,data_loaded,0
set,class_paramName_default,611,2,,False,True,False,,data_loaded,0
param,default_value,613,{class_paramName_default},,False,False,False,,data_loaded,0
set,phase,614,,,False,True,False,,data_loaded,0
set,process_min_uptime,690,,process,False,True,False,,data_loaded,0
set,process_min_downtime,693,,process,False,True,False,,data_loaded,0
set,uptime_lookback,879,5,,False,True,False,,data_loaded,0
set,downtime_lookback,883,5,,False,True,False,,data_loaded,0
set,ed_history_realized_first,907,,,True,False,False,"d_fix_storage_period,d_realize_invest,d_realized_period,entity,p_model,period__branch",multi_clause,140
set,ed_history_realized,910,,,True,False,False,"ed_history_realized_first,ed_history_realized_read",multi_clause,56
set,process_delayed__duration,911,,,True,False,False,"process_delay_single__delay_duration,process_delay_weighted__delay_duration",multi_clause,81
set,process_delayed,913,,,True,False,False,process_delayed__duration,simple,48
set,process_method,914,2,"{process, method}",False,True,False,,data_loaded,0
set,process__profileProcess__toSink__profile__profile_method,918,,,True,False,False,"method_indirect,process,process__node__profile__profile_method,process_method,process_sink,process_source",simple,239
set,process__profileProcess__toSink,925,,,True,False,False,process__profileProcess__toSink__profile__profile_method,simple,101
set,process__source__toProfileProcess__profile__profile_method,926,,,True,False,False,"method_indirect,process__node__profile__profile_method,process_method,process_sink,process_source",simple,223
set,process__source__toProfileProcess,932,,,True,False,False,process__source__toProfileProcess__profile__profile_method,simple,107
set,process_profile,933,,,True,False,False,"process__profileProcess__toSink,process__source__toProfileProcess",multi_clause,131
set,process_source_toProcess,934,,,True,False,False,"method_direct,method_indirect,process,process__source__toProfileProcess,process_method,process_sink,process_source",joining,349
set,process_process_toSink,942,,,True,False,False,"method_direct,method_indirect,process,process__profileProcess__toSink,process_method,process_sink,process_source",joining,340
set,process_sink_toProcess,950,,,True,False,False,"method_2way_nvar,process,process_method,process_sink",simple,158
set,process_process_toSource,956,,,True,False,False,"method_2way_nvar,process,process_method,process_source",simple,166
set,process_source_toSink,962,,,True,False,False,"method_direct,node,process_method,process_sink,process_source",simple,146
set,process_source_toProcess_direct,967,,,True,False,False,"method_direct,process,process_method,process_source",simple,128
set,process_process_toSink_direct,972,,,True,False,False,"method_direct,node,process,process_method,process_sink",joining,156
set,process_sink_toProcess_direct,978,,,True,False,False,"method_2way_2var,process,process_method,process_sink",simple,155
set,process_process_toSource_direct,984,,,True,False,False,"method_2way_2var,node,process,process_method,process_source",joining,162
set,process_sink_toSource,990,,,True,False,False,"method_2way_2var,node,process_method,process_sink,process_source",simple,182
set,process__source__sink__profile__profile_method_direct,996,,,True,False,False,"method_direct,process__node__profile__profile_method,process_method,process_source_toSink,profile,profile_method",joining,288
set,process_process_toSink_noConversion,1003,,,True,False,False,"method_1way_1var,process,process_method,process_sink,process_source",simple,202
set,process_source_toProcess_noConversion,1009,,,True,False,False,"method_1way_1var,process,process_method,process_sink,process_source",simple,207
set,process_source_sink,1015,,,True,False,False,"process__profileProcess__toSink,process__source__toProfileProcess,process_process_toSink,process_process_toSink_noConversion,process_process_toSource,process_sink_toProcess,process_sink_toSource,process_source_toProcess,process_source_toProcess_noConversion,process_source_toSink",multi_clause,367
set,process_source_sink_alwaysProcess,1027,,,True,False,False,"process__profileProcess__toSink,process__source__toProfileProcess,process_process_toSink,process_process_toSink_direct,process_process_toSink_noConversion,process_process_toSource,process_process_toSource_direct,process_sink_toProcess,process_sink_toProcess_direct,process_source_toProcess,process_source_toProcess_direct,process_source_toProcess_noConversion",multi_clause,455
set,process_method_sources_sinks,1041,,,True,False,False,"process_method,process_source_sink,process_source_sink_alwaysProcess",simple,395
set,process_source_sink_noEff,1050,,,True,False,False,"process__profileProcess__toSink,process__source__toProfileProcess,process_process_toSink,process_process_toSink_noConversion,process_process_toSource,process_sink_toProcess,process_source_toProcess,process_source_toProcess_noConversion",multi_clause,301
set,process_source_sink_eff,1060,,,True,False,False,"process_sink_toSource,process_source_toSink",multi_clause,54
set,process__source__sink__profile__profile_method_connection,1064,,,True,False,False,"process__profile__profile_method,process_source_sink,profile,profile_method",simple,133
set,process__source__sink__profile__profile_method,1069,,,True,False,False,"process__profileProcess__toSink__profile__profile_method,process__source__sink__profile__profile_method_connection,process__source__sink__profile__profile_method_direct,process__source__toProfileProcess__profile__profile_method",multi_clause,248
set,process__source__sinkIsNode,1075,,,True,False,False,"process_sink,process_source_sink",simple,70
set,process_online_linear,1077,,,True,False,False,"method_LP,process_method",simple,51
set,process_online_integer,1079,,,True,False,False,"method_MIP,process_method",simple,52
set,process_online,1080,,,True,False,False,"process_online_integer,process_online_linear",multi_clause,50
set,pdt_uptime,1081,,,True,False,False,uptime_lookback,simple,53
set,pdt_downtime,1084,,,True,False,False,downtime_lookback,simple,55
set,dtdt_next,1085,,,True,False,False,dtttdt,simple,93
set,peedt,1088,,,True,False,False,"dt,process_source_sink",simple,56
set,process_source_undelayed,1090,,,True,False,False,"process_delayed,process_source",simple,53
set,process_source_delayed,1092,,,True,False,False,"process_delayed,process_source",simple,49
set,process_source_sink_undelayed,1093,,,True,False,False,"process_delayed,process_source_sink",simple,69
set,process_source_sink_delayed,1094,,,True,False,False,"process_delayed,process_source_sink",simple,65
param,p_process_delay_weight,1095,"{(p, td) in process_delayed__duration}",,True,False,False,"p_process_delay_weighted,process_delay_single__delay_duration",conditional,104
param,pdCommodity,1100,"{c in commodity, param in commodityPeriodParam, d in period_in_use}",,True,False,False,"commodity__param__period,p_commodity,pd_commodity,period__branch",conditional,275
param,pdtCommodity,1107,"{c in commodity, param in commodityTimeParam, (d, t) in dt}",,True,False,False,"commodity__param__period,commodity__param__time,p_commodity,pd_commodity,pt_commodity",conditional,212
param,pdGroup,1114,"{g in group, param in groupPeriodParam, d in period_in_use}",,True,False,False,"group__param,group__param__period,p_group,pd_group,period__branch",conditional,440
param,pdtGroup,1125,"{g in group, param in groupTimeParam, (d, t) in dt}",,True,False,False,"group__param,group__param__period,group__param__time,p_group,pd_group,pt_group",conditional,249
set,reserve__upDown__group__method_timeseries,1134,,,True,False,False,reserve__upDown__group__method,simple,270
set,reserve__upDown__group__method_dynamic,1140,,,True,False,False,reserve__upDown__group__method,simple,264
set,reserve__upDown__group__method_n_1,1145,,,True,False,False,reserve__upDown__group__method,simple,276
set,process__method_indirect,1150,,,True,False,False,"method_indirect,process_method",simple,49
set,process__sourceIsNode__sink_1way_noSinkOrMoreThan1Source,1152,,,True,False,False,"method_1way,process_method,process_sink,process_source,process_source_sink",simple,260
set,process__source__sinkIsNode_not2way1var,1157,,,True,False,False,"method_2way_1var,process_method,process_sink,process_source_sink",simple,172
set,process__source__sinkIsNode_2way1var,1159,,,True,False,False,"method_2way_1var,process_method,process_sink,process_source_sink",simple,168
set,process_sinkIsNode_2way1var,1161,,,True,False,False,process__source__sinkIsNode_2way1var,simple,67
set,process__source__sinkIsNode_2way2var,1162,,,True,False,False,"method_2way_2var,process_method,process_sink,process_source_sink",simple,169
set,gdt_maxInstantFlow,1164,,,True,False,False,"dt,group,pdtGroup",simple,66
set,gdt_minInstantFlow,1166,,,True,False,False,"dt,group,pdtGroup",simple,66
set,process__source__timeParam,1167,,,True,False,False,"process__source__param,process__source__param_t,process_source,sourceSinkTimeParam",simple,172
set,process__sink__timeParam,1173,,,True,False,False,"process__sink__param,process__sink__param_t,process_sink,sourceSinkTimeParam",simple,160
set,process__timeParam,1179,,,True,False,False,"process,process__param,process__param_t,process_connection,sourceSinkTimeParam",joining,179
set,process__source__sink__param,1185,,,True,False,False,"process__param,process__sink__param,process__source__param,process_connection,process_source_sink,sourceSinkParam",simple,239
set,process__source__sink__param_t,1192,,,True,False,False,"process__param,process__param_t,process__sink__param,process__sink__param_t,process__source__param,process__source__param_t,process_connection,process_source_sink,sourceSinkTimeParam",joining,417
set,process_source_sink_param_t,1201,,,True,False,False,"processTimeParam,process__param_t,process_source_sink_eff",simple,106
set,process__source__sink__ramp_method,1204,,,True,False,False,"process_node_ramp_method,process_source_sink,ramp_method",simple,160
set,node__PeriodParam_in_use,1210,,,True,False,False,"entityDivest,entityInvest,node,nodePeriodParam,nodePeriodParamInvest,nodePeriodParamRequired",joining,163
set,node__TimeParam_in_use,1216,,,True,False,False,"node,nodeBalance,nodeBalancePeriod,nodeState,nodeTimeParam,nodeTimeParamRequired,node__storage_solve_horizon_method",joining,367
param,pdNode,1224,"{(n, param) in node__PeriodParam_in_use, d in period_with_history}",,True,False,False,"node__param__period,p_node,pd_node,period__branch",conditional,255
param,pdtNode,1231,"{(n, param) in node__TimeParam_in_use, (d, t) in dt}",,True,False,False,"class_paramName_default,default_value,groupStochastic,group_node,node,nodeParam_def1,node__param,node__param__branch__time,node__param__period,node__param__time,p_node,pbt_node,pd_node,period__branch,period__time_first,pt_node,solve_branch__time_branch",conditional,1046
param,ptNode_inflow,1249,"{n in node, t in time}",,True,False,False,"node__time_inflow,p_node,pt_node_inflow",conditional,91
set,nodeSelfDischarge,1254,,,True,False,False,"dt,nodeState,pdtNode",simple,83
set,process__PeriodParam_in_use,1255,,,True,False,False,"entityDivest,entityInvest,process,processPeriodParam,processPeriodParamInvest,processPeriodParamRequired,process_online",joining,231
set,process_TimeParam_in_use,1262,,,True,False,False,"process,processTimeParam,processTimeParamRequired,process__ct_method",joining,208
param,pdProcess,1268,"{(p, param) in process__PeriodParam_in_use, d in period_with_history}",,True,False,False,"p_process,pd_process,period__branch,process__param,process__param__period",conditional,326
param,pdtProcess,1277,"{(p, param) in process_TimeParam_in_use, (d,t) in dt}",,True,False,False,"groupStochastic,group_process,p_process,pbt_process,pd_process,period__branch,period__time_first,processParam_def1,process__param,process__param__branch__time,process__param__period,process__param__time,pt_process,solve_branch__time_branch",conditional,973
param,pdtProfile,1292,"{p in profile, (d,t) in dt}",,True,False,False,"groupStochastic,group_node,group_process,node__profile__profile_method,p_profile,pbt_profile,period__branch,period__time_first,process__node__profile__profile_method,process__profile__profile_method,profile__branch__time,profile_param,profile_param__time,pt_profile,solve_branch__time_branch",conditional,1012
param,p_entity_unitsize,1305,{e in entity},,True,False,False,"node,p_node,p_process,process",conditional,493
param,edEntity_lifetime,1321,"{e in entity, d in period_with_history}",,True,False,False,"node,pdNode,pdProcess,process",conditional,102
param,pProcess_source_sink,1325,"{(p, source, sink, param) in process__source__sink__param}",,True,False,False,"p_process_sink,p_process_source,process__sink__param,process__source__param",conditional,197
set,process_source_sourceSinkTimeParam_in_use,1332,,,True,False,False,"process__ct_method,process_source,sourceSinkTimeParam,sourceSinkTimeParamRequired",simple,230
set,process_sink_sourceSinkTimeParam_in_use,1338,,,True,False,False,"process__ct_method,process_sink,sourceSinkTimeParam,sourceSinkTimeParamRequired",simple,227
set,process_source_sourceSinkPeriodParam_in_use,1343,,,True,False,False,"process__ct_method,process_source,sourceSinkPeriodParam,sourceSinkPeriodParamRequired",simple,234
set,process_sink_sourceSinkPeriodParam_in_use,1349,,,True,False,False,"process__ct_method,process_sink,sourceSinkPeriodParam,sourceSinkPeriodParamRequired",simple,231
param,pdtProcess_source,1354,"{(p, source, param) in process_source_sourceSinkTimeParam_in_use, (d, t) in dt}",,True,False,False,"groupStochastic,group_process,p_process_source,pbt_process_source,pd_process_source,period__branch,period__time_first,process__source__param,process__source__param__branch__time,process__source__param__period,process__source__param__time,pt_process_source,solve_branch__time_branch",conditional,1070
param,pdtProcess_sink,1368,"{(p, sink, param) in process_sink_sourceSinkTimeParam_in_use, (d, t) in dt}",,True,False,False,"groupStochastic,group_process,p_process_sink,pbt_process_sink,pd_process_sink,period__branch,period__time_first,process__sink__param,process__sink__param__branch__time,process__sink__param__period,process__sink__param__time,pt_process_sink,solve_branch__time_branch",conditional,1028
param,pdtProcess_source_sink,1382,"{(p, source, sink, param) in process__source__sink__param_t, (d, t) in dt}",,True,False,False,"connection__param,connection__param__time,groupStochastic,group_process,p_process,p_process_sink,p_process_source,pbt_process_sink,pbt_process_source,period__branch,period__time_first,process__sink__param,process__sink__param__branch__time,process__sink__param__time,process__source__param,process__source__param__branch__time,process__source__param__time,pt_process,pt_process_sink,pt_process_source,solve_branch__time_branch",conditional,1965
param,pdtReserve_upDown_group,1407,"{(r, ud, g) in reserve__upDown__group, param in reserveTimeParam, (d,t) in dt}",,True,False,False,"groupStochastic,p_reserve_upDown_group,pbt_reserve_upDown_group,period__branch,period__time_first,pt_reserve_upDown_group,reserve__upDown__group__reserveParam__branch__time,reserve__upDown__group__reserveParam__time,solve_branch__time_branch",conditional,872
set,process_reserve_upDown_node_active,1417,,,True,False,False,"dt,pdtReserve_upDown_group,process_reserve_upDown_node,reserve__upDown__group",simple,158
set,prundt,1418,,,True,False,False,"dt,process_reserve_upDown_node_active",simple,67
set,pdt_online_linear,1419,,,True,False,False,"dt,pdProcess,process_online_linear",simple,76
set,pdt_online_integer,1420,,,True,False,False,"dt,pdProcess,process_online_integer",simple,77
param,hours_in_period,1421,{d in period_in_use},,True,False,False,"dt,step_duration",simple,40
param,hours_in_solve,1423,,,True,False,False,"dt,step_duration",simple,40
param,period_share_of_year,1424,{d in period_in_use},,True,False,False,hours_in_period,simple,25
param,solve_share_of_year,1425,,,True,False,False,hours_in_solve,simple,21
param,p_years_d,1426,{d in period_with_history},,True,False,False,p_period_from_solve,simple,22
param,p_years_represented_d,1427,{d in periodAll},,True,False,False,"p_years_represented,period__year,year",simple,66
param,complete_hours_in_period,1428,{d in period_in_use},,True,False,False,"complete_step_duration,dt_complete,period__branch",simple,87
param,complete_period_share_of_year,1430,{d in period_in_use},,True,False,False,complete_hours_in_period,simple,34
param,f_d_k,1431,{d in period_in_use},,True,False,False,"complete_period_share_of_year,dt,p_ladder_cum_sim_hours,step_duration",simple,114
param,period_share_of_annual_flow,1442,"{n in node, d in period_in_use : ((n, 'scale_to_annual_flow') in node__inflow_method || (n, 'scale_to_annual_and_peak_flow') in node__inflow_method)
        && pdNode[n, 'annual_flow', d]}",,True,False,False,"dt_complete,pdNode,ptNode_inflow",simple,83
param,period_flow_annual_multiplier,1445,"{n in node, d in period_in_use : ((n, 'scale_to_annual_flow') in node__inflow_method)
        && pdNode[n, 'annual_flow', d]}",,True,False,False,"complete_period_share_of_year,period_share_of_annual_flow",simple,68
param,orig_flow_sum,1447,"{n in node, d in period_in_use : ((n, 'scale_to_annual_flow') in node__inflow_method || (n, 'scale_to_annual_and_peak_flow') in node__inflow_method)
        && pdNode[n, 'annual_flow', d]}",,True,False,False,"complete_time_in_use,ptNode_inflow",simple,50
param,period_flow_proportional_multiplier,1449,"{n in node, d in period_in_use : (n, 'scale_in_proportion') in node__inflow_method && pdNode[n, 'annual_flow', d]}",,True,False,False,"p_timeline_duration_in_years,pdNode,period__timeline,ptNode_inflow,time",simple,141
param,new_peak_sign,1451,"{n in node, d in period_in_use : (n, 'scale_to_annual_and_peak_flow') in node__inflow_method && pdNode[n, 'annual_flow', d] && pdNode[n, 'peak_inflow', d]}",,True,False,False,pdNode,conditional,52
param,old_peak_max,1453,"{n in node, d in period_in_use : (n, 'scale_to_annual_and_peak_flow') in node__inflow_method && pdNode[n, 'annual_flow', d] && pdNode[n, 'peak_inflow', d]}",,True,False,False,"node__time_inflow,p_node,ptNode_inflow,time",conditional,118
param,old_peak_min,1457,"{n in node, d in period_in_use : (n, 'scale_to_annual_and_peak_flow') in node__inflow_method && pdNode[n, 'annual_flow', d] && pdNode[n, 'peak_inflow', d]}",,True,False,False,"node__time_inflow,p_node,ptNode_inflow,time",conditional,118
param,old_peak_sign,1461,"{n in node, d in period_in_use : (n, 'scale_to_annual_and_peak_flow') in node__inflow_method && pdNode[n, 'annual_flow', d] && pdNode[n, 'peak_inflow', d]}",,True,False,False,"node__time_inflow,old_peak_max,old_peak_min,p_node,time",conditional,190
param,old_peak,1466,"{n in node, d in period_in_use : (n, 'scale_to_annual_and_peak_flow') in node__inflow_method && pdNode[n, 'annual_flow', d] && pdNode[n, 'peak_inflow', d]}",,True,False,False,"old_peak_max,old_peak_min,old_peak_sign",conditional,77
param,new_peak_divided_by_old_peak,1471,"{n in node, d in period_in_use : (n, 'scale_to_annual_and_peak_flow') in node__inflow_method && pdNode[n, 'annual_flow', d] && pdNode[n, 'peak_inflow', d]}",,True,False,False,"old_peak,pdNode",simple,44
param,new_peak_divide_by_old_peak_sum_inflow,1474,"{n in node, d in period_in_use : (n, 'scale_to_annual_and_peak_flow') in node__inflow_method && pdNode[n, 'annual_flow', d] && pdNode[n, 'peak_inflow', d]}",,True,False,False,"complete_period_share_of_year,new_peak_divided_by_old_peak,orig_flow_sum",simple,91
param,new_peak_inflow_sum,1476,"{n in node, d in period_in_use : (n, 'scale_to_annual_and_peak_flow') in node__inflow_method && pdNode[n, 'annual_flow', d] && pdNode[n, 'peak_inflow', d]}",,True,False,False,pdNode,simple,34
param,new_old_multiplier,1478,"{n in node, d in period_in_use : (n, 'scale_to_annual_and_peak_flow') in node__inflow_method && pdNode[n, 'annual_flow', d] && pdNode[n, 'peak_inflow', d]}",,True,False,False,"new_peak_divide_by_old_peak_sum_inflow,new_peak_inflow_sum,old_peak_sign,pdNode",simple,207
param,new_old_slope,1483,"{n in node, d in period_in_use : (n, 'scale_to_annual_and_peak_flow') in node__inflow_method && pdNode[n, 'annual_flow', d] && pdNode[n, 'peak_inflow', d]}",,True,False,False,"new_old_multiplier,new_peak_divided_by_old_peak",simple,69
param,new_old_section,1485,"{n in node, d in period_in_use : (n, 'scale_to_annual_and_peak_flow') in node__inflow_method && pdNode[n, 'annual_flow', d] && pdNode[n, 'peak_inflow', d]}",,True,False,False,"new_old_multiplier,pdNode",simple,54
param,pdtNodeInflow,1487,"{n in node, (d, t) in dt : (n, 'no_inflow') not in node__inflow_method}",,True,False,False,"groupStochastic,group_node,new_old_section,new_old_slope,nodeBalance,nodeBalancePeriod,node__branch__time_inflow,node__inflow_method,pbt_node_inflow,pdNode,period__branch,period__time_first,period_flow_annual_multiplier,period_flow_proportional_multiplier,ptNode_inflow,solve_branch__time_branch",conditional,1534
param,_node_cap_unitsize_sum,1506,"{n in node, d in period_in_use}",,True,False,False,"p_entity_unitsize,process_source_sink",simple,135
param,_node_cap_inflow_fallback,1520,"{n in node, d in period_in_use}",,True,False,False,"ptNode_inflow,time",conditional,84
param,_node_cap_raw,1524,"{n in node, d in period_in_use}",,True,False,False,"_node_cap_inflow_fallback,_node_cap_unitsize_sum",conditional,173
param,_node_cap_pow10,1530,"{n in node, d in period_in_use}",,True,False,False,_node_cap_raw,simple,59
param,node_capacity_for_scaling,1532,"{n in node, d in period_in_use}",,True,False,False,"_node_cap_pow10,p_use_row_scaling,solve_current",conditional,95
param,_group_cap_raw,1536,"{g in group, d in period_in_use}",,True,False,False,"group_node,node_capacity_for_scaling",simple,57
param,_group_cap_pow10,1539,"{g in group, d in period_in_use}",,True,False,False,_group_cap_raw,conditional,108
param,group_capacity_for_scaling,1543,"{g in group, d in period_in_use}",,True,False,False,"_group_cap_pow10,p_use_row_scaling,solve_current",conditional,96
param,inv_node_cap,1547,"{n in node, d in period_in_use}",,True,False,False,node_capacity_for_scaling,simple,35
param,inv_group_cap,1556,"{g in group, d in period_in_use}",,True,False,False,group_capacity_for_scaling,simple,36
param,p_inflation,1558,,,True,False,False,"model,p_inflation_rate",conditional,70
param,p_infl_offset_investment,1559,,,True,False,False,"model,p_inflation_offset_investment",conditional,83
param,p_infl_offset_operations,1560,,,True,False,False,"model,p_inflation_offset_operations",conditional,85
param,p_unconstrained_flow_cap,1561,,,True,False,False,"model,p_max_flow_for_unconstrained_variables",conditional,98
param,p_years_until_dispatch,1562,"{(d, y) in period__year}",,True,False,False,"p_infl_offset_operations,p_years_represented,year",simple,114
param,p_years_until_invest,1572,"{(d, y) in period__year}",,True,False,False,"p_infl_offset_investment,p_years_represented,year",simple,114
param,p_inflation_factor_investment_yearly,1575,{d in period},,True,False,False,"p_inflation,p_years_represented,p_years_until_invest,period__year,year",conditional,170
param,p_inflation_factor_operations_yearly,1579,{d in period_in_use},,True,False,False,"p_inflation,p_years_represented,p_years_until_dispatch,period__year,year",conditional,172
param,ed_entity_annual,1589,"{e in entityInvest, d in period_invest}",,True,False,False,"entity__invest_method,invest_method,invest_method_not_allowed,node,pdNode,pdProcess,process",conditional,952
param,ed_entity_annual_discounted,1612,"{e in entityInvest, d in period_invest}",,True,False,False,"edEntity_lifetime,ed_entity_annual,entity__lifetime_method,p_discount_years,p_inflation_factor_investment_yearly,period_in_use",simple,655
param,ed_entity_annual_divest,1631,"{e in entityDivest, d in period_invest}",,True,False,False,"divest_method_not_allowed,entity__invest_method,invest_method,node,pdNode,pdProcess,process",conditional,923
param,ed_entity_annual_divest_discounted,1643,"{e in entityDivest, d in period_invest}",,True,False,False,"ed_entity_annual_divest,node,p_discount_years,p_inflation_factor_investment_yearly,pdNode,pdProcess,period_in_use,process",conditional,645
param,ed_fixed_cost,1662,"{e in entity, d in period_with_history}",,True,False,False,"node,pdNode,pdProcess,process",conditional,133
param,ed_lifetime_fixed_cost,1666,"{e in entity, d in period_with_history}",,True,False,False,"edEntity_lifetime,ed_fixed_cost,entity__lifetime_method,p_discount_years,p_inflation_factor_operations_yearly,period_in_use",simple,649
param,ed_lifetime_fixed_cost_divest,1685,"{e in entityDivest, d in period_invest}",,True,False,False,"ed_fixed_cost,node,p_discount_years,p_inflation_factor_investment_yearly,pdNode,pdProcess,period_in_use,process",conditional,625
set,process_minload,1705,,,True,False,False,"process,process__ct_method",simple,65
param,pdtConversion_rate,1708,"{p in process, (d, t) in dt}",,True,False,False,pdtProcess,simple,47
param,pdtProcess_section,1710,"{p in process_minload, (d, t) in dt}",,True,False,False,"pdtConversion_rate,pdtProcess",simple,223
param,pdtProcess_slope,1716,"{p in process, (d, t) in dt}",,True,False,False,"pdtConversion_rate,pdtProcess_section,process_minload",conditional,99
param,pdtProcess__source__sink__dt_varCost,1720,"{(p, source, sink) in process_source_sink, (d, t) in dt}",,True,False,False,"pdtProcess,pdtProcess_sink,pdtProcess_source,process_sink,process_source,process_source_sink",conditional,369
param,pdtProcess__source__sink__dt_varCost_alwaysProcess,1729,"{(p, source, sink) in process_source_sink_alwaysProcess, (d, t) in dt}",,True,False,False,"pdtProcess,pdtProcess_sink,pdtProcess_source,process_sink,process_source,process_source_sink_alwaysProcess",conditional,456
set,pssdt_varCost_noEff,1739,,,True,False,False,"dt,pdtProcess__source__sink__dt_varCost,process_source_sink_noEff",simple,124
set,pssdt_varCost_eff_unit_source,1740,,,True,False,False,"dt,pdtProcess_source,process_source,process_source_sink_eff",simple,156
set,pssdt_varCost_eff_unit_sink,1741,,,True,False,False,"dt,pdtProcess_sink,process_sink,process_source_sink_eff",simple,148
set,pssdt_varCost_eff_connection,1742,,,True,False,False,"dt,pdtProcess,process_source_sink_eff",simple,107
set,ed_invest,1743,,,True,False,False,"ed_entity_annual,entityInvest,node_capacity_constraint_invested,node_capacity_constraint_prebuilt,period_invest,process_capacity_constraint_invested,process_capacity_constraint_prebuilt",simple,299
set,ed_invest_period,1744,,,True,False,False,"ed_invest,entity__invest_method",simple,289
set,e_invest_total,1746,,,True,False,False,"entityInvest,entity__invest_method",simple,285
set,ed_invest_cumulative,1748,,,True,False,False,"ed_invest,entity__invest_method",simple,73
set,edd_history_choice,1749,,,True,False,False,"edEntity_lifetime,entity,entity__lifetime_method,p_years_d,period_in_use,period_with_history",joining,232
set,edd_history_automatic,1750,,,True,False,False,"entity,entity__lifetime_method,p_years_d,period_in_use,period_with_history",joining,162
set,edd_history_no_investment,1751,,,True,False,False,"edEntity_lifetime,entity,entity__lifetime_method,p_years_d,period_in_use,period_with_history",joining,230
set,edd_history,1752,,,True,False,False,"edd_history_automatic,edd_history_choice,edd_history_no_investment",multi_clause,78
set,edd_history_invest,1753,,,True,False,False,"edd_history,entityInvest",simple,53
set,edd_invest,1754,,,True,False,False,"ed_invest,edd_history_invest",simple,69
set,pd_invest,1755,,,True,False,False,"ed_invest,process",simple,36
set,nd_invest,1757,,,True,False,False,"ed_invest,node",simple,33
set,ed_divest,1758,,,True,False,False,"ed_entity_annual_divest,entityDivest,node_capacity_constraint_invested,node_capacity_constraint_prebuilt,period_invest,process_capacity_constraint_invested,process_capacity_constraint_prebuilt",simple,306
set,ed_divest_period,1759,,,True,False,False,"ed_invest,entity__invest_method",simple,289
set,e_divest_total,1761,,,True,False,False,"entityDivest,entity__invest_method",simple,285
set,pd_divest,1763,,,True,False,False,"ed_divest,process",simple,36
set,nd_divest,1764,,,True,False,False,"ed_divest,node",simple,33
set,gd_invest,1765,,,True,False,False,"ed_invest,group_entity,group_invest,period_invest",simple,93
set,gd_invest_period,1767,,,True,False,False,"gd_invest,group__invest_method",simple,285
set,g_invest_total,1769,,,True,False,False,"group__invest_method,group_invest",simple,281
set,gd_divest,1771,,,True,False,False,"ed_invest,group_entity,group_invest,period_invest",simple,93
set,gd_divest_period,1772,,,True,False,False,"gd_invest,group__invest_method",simple,285
set,g_divest_total,1774,,,True,False,False,"group__invest_method,group_divest",simple,281
set,g_invest_cumulative,1776,,,True,False,False,"group__invest_method,group_invest",simple,70
set,ed_invest_forbidden_no_investment,1777,,,True,False,False,"edEntity_lifetime,ed_invest,entity__lifetime_method,p_years_d,period_first",simple,180
param,e_invest_max_total,1786,{e in entityInvest},,True,False,False,"node,p_node,p_process,process",conditional,111
param,e_divest_max_total,1791,{e in entityDivest},,True,False,False,"node,p_node,p_process,process",conditional,111
param,e_invest_min_total,1796,{e in entityInvest},,True,False,False,"node,p_node,p_process,process",conditional,111
param,e_divest_min_total,1801,{e in entityDivest},,True,False,False,"node,p_node,p_process,process",conditional,111
param,ed_invest_max_period,1806,"{(e, d) in ed_invest}",,True,False,False,"node,pdNode,pdProcess,process",conditional,119
param,ed_divest_max_period,1811,"{(e, d) in ed_divest}",,True,False,False,"node,pdNode,pdProcess,process",conditional,119
param,ed_invest_min_period,1816,"{(e, d) in ed_invest}",,True,False,False,"node,pdNode,pdProcess,process",conditional,119
param,ed_divest_min_period,1821,"{(e, d) in ed_divest}",,True,False,False,"node,pdNode,pdProcess,process",conditional,119
param,ed_cumulative_max_capacity,1826,"{(e, d) in ed_invest}",,True,False,False,"node,pdNode,pdProcess,process",conditional,131
param,ed_cumulative_min_capacity,1831,"{(e, d) in ed_invest}",,True,False,False,"node,pdNode,pdProcess,process",conditional,131
set,process_source_sink_ramp_limit_source_up,1836,,,True,False,False,"p_process_source,process_node_ramp_method,process_source_sink,ramp_limit_method",simple,192
set,process_source_sink_ramp_limit_sink_up,1843,,,True,False,False,"p_process_sink,process_node_ramp_method,process_source_sink,ramp_limit_method",simple,186
set,process_source_sink_ramp_limit_source_down,1849,,,True,False,False,"p_process_source,process_node_ramp_method,process_source_sink,ramp_limit_method",simple,194
set,process_source_sink_ramp_limit_sink_down,1855,,,True,False,False,"p_process_sink,process_node_ramp_method,process_source_sink,ramp_limit_method",simple,188
set,process_source_sink_ramp_cost,1861,,,True,False,False,"process_node_ramp_method,process_source_sink,ramp_cost_method",simple,204
set,process_source_sink_ramp,1866,,,True,False,False,"process_source_sink_ramp_cost,process_source_sink_ramp_limit_sink_down,process_source_sink_ramp_limit_sink_up,process_source_sink_ramp_limit_source_down,process_source_sink_ramp_limit_source_up",multi_clause,224
set,process_source_sink_dtttdt_ramp_limit_source_up,1872,,,True,False,False,"dt_jump,dtttdt,p_process_source,process_source_sink_ramp_limit_source_up,step_duration",simple,269
set,process_source_sink_dtttdt_ramp_limit_sink_up,1877,,,True,False,False,"dt_jump,dtttdt,p_process_sink,process_source_sink_ramp_limit_sink_up,step_duration",simple,263
set,process_source_sink_dtttdt_ramp_limit_source_down,1881,,,True,False,False,"dt_jump,dtttdt,p_process_source,process_source_sink_ramp_limit_source_down,step_duration",simple,273
set,process_source_sink_dtttdt_ramp_limit_sink_down,1885,,,True,False,False,"dt_jump,dtttdt,p_process_sink,process_source_sink_ramp_limit_sink_down,step_duration",simple,267
param,p_process_reserve_upDown_node_reliability,1889,"{(p, r, ud, n) in process_reserve_upDown_node_active}",,True,False,False,p_process_reserve_upDown_node,conditional,136
set,process_reserve_upDown_node_increase_reserve_ratio,1894,,,True,False,False,"p_process_reserve_upDown_node,process_reserve_upDown_node_active",simple,137
set,process_reserve_upDown_node_large_failure_ratio,1899,,,True,False,False,"p_process_reserve_upDown_node,process_reserve_upDown_node_active",simple,134
set,process_large_failure,1903,,,True,False,False,process_reserve_upDown_node_large_failure_ratio,simple,74
param,p_startup_cap_reduction_sink,1904,"{(p, sink) in process_sink, (d, t) in dt
                                    : p in process_online}",,True,False,False,"p_process,p_process_sink,step_duration",conditional,184
param,p_shutdown_cap_reduction_sink,1914,"{(p, sink) in process_sink, (d, t) in dt
                                     : p in process_online}",,True,False,False,"p_process,p_process_sink,step_duration",conditional,188
param,p_startup_cap_reduction_source,1921,"{(p, source) in process_source, (d, t) in dt
                                      : p in process_online}",,True,False,False,"p_process,p_process_source,step_duration",conditional,192
param,p_shutdown_cap_reduction_source,1928,"{(p, source) in process_source, (d, t) in dt
                                       : p in process_online}",,True,False,False,"p_process,p_process_source,step_duration",conditional,196
set,gcndt_co2_price,1935,,,True,False,False,"commodity_node,dt,group,group_co2_price,group_node,p_commodity,pdtGroup,period_in_use,time_in_use",joining,242
set,group_commodity_node_period_co2_period,1943,,,True,False,False,"commodity_node,group,group_co2_max_period,group_node,p_commodity,period_in_use",joining,158
set,group_commodity_node_period_co2_total,1950,,,True,False,False,"commodity_node,group,group_co2_max_total,group_node,p_commodity",simple,137
set,cnd_ladder,1957,3,,True,False,False,"commodity_node,commodity_with_ladder,period_in_use",simple,75
set,cndi_ladder_cum,1964,4,,True,False,False,"commodity__tier_cum,commodity_node,commodity_with_ladder_cumulative,period_in_use,tier",joining,138
set,cndi_ladder_ann,1967,4,,True,False,False,"commodity__tier_ann,commodity_node,commodity_with_ladder_annual,period_in_use,tier",joining,134
set,cndi_ladder,1970,4,,True,False,False,"cndi_ladder_ann,cndi_ladder_cum",multi_clause,37
set,ci_ladder_cumulative,1971,,,True,False,False,"commodity__tier_cum,commodity_with_ladder_cumulative",simple,71
set,process__commodity__node,1972,,,True,False,False,"commodity_node,process,process_sink,process_source",simple,93
set,commodity_node_co2,1974,,,True,False,False,"commodity_node,p_commodity",simple,64
set,process__commodity__node_co2,1979,,,True,False,False,"commodity_node_co2,process,process_sink,process_source",simple,97
set,process_co2,1981,,,True,False,False,process__commodity__node_co2,simple,50
set,process__sink_nonSync,1982,,,True,False,False,"node,process,process__sink_nonSync_unit,process_nonSync_connection,process_sink,process_source",joining,262
set,process__group_inside_group_nonSync,1989,,,True,False,False,"groupNonSync,group_node,node,process,process_sink,process_source",joining,213
set,nodeGroupDispatch__process_fully_inside,1997,,,True,False,False,"group_node,nodeGroupDispatch,process,process_sink,process_source,process_source_sink",simple,272
set,nodeGroupDispatch__process__unit__to_node_Not_in_aggregate,2005,,,True,False,False,"flowAggregator,group_node,group_process_node,nodeGroupDispatch,nodeGroupDispatch__process_fully_inside,process_source_sink_alwaysProcess,process_unit",joining,314
set,nodeGroupDispatch__process__node__to_unit_Not_in_aggregate,2011,,,True,False,False,"flowAggregator,group_node,group_process_node,nodeGroupDispatch,nodeGroupDispatch__process_fully_inside,process_source_sink_alwaysProcess,process_unit",joining,318
set,nodeGroupDispatch__group_aggregate__process__unit__to_node,2017,,,True,False,False,"flowAggregator,group_node,group_process_node,nodeGroupDispatch,nodeGroupDispatch__process_fully_inside,process_source_sink_alwaysProcess,process_unit",joining,302
set,nodeGroupDispatch__group_aggregate__process__node__to_unit,2023,,,True,False,False,"flowAggregator,group_node,group_process_node,nodeGroupDispatch,nodeGroupDispatch__process_fully_inside,process_source_sink_alwaysProcess,process_unit",joining,306
set,nodeGroupDispatch__process__node__to_connection_Not_in_aggregate,2029,,,True,False,False,"flowAggregator,group_node,group_process_node,nodeGroupDispatch,nodeGroupDispatch__process_fully_inside,process_connection,process_source_sink_alwaysProcess",joining,324
set,nodeGroupDispatch__process__connection__to_node_Not_in_aggregate,2035,,,True,False,False,"flowAggregator,group_node,group_process_node,nodeGroupDispatch,nodeGroupDispatch__process_fully_inside,process_connection,process_source_sink_alwaysProcess",joining,320
set,nodeGroupDispatch__connection_Not_in_aggregate,2041,,,True,False,False,"nodeGroupDispatch__process__connection__to_node_Not_in_aggregate,nodeGroupDispatch__process__node__to_connection_Not_in_aggregate",multi_clause,196
set,nodeGroupDispatch__group_aggregate__process__connection__to_node,2045,,,True,False,False,"flowAggregator,group_node,group_process_node,nodeGroupDispatch,nodeGroupDispatch__process_fully_inside,process_connection,process_source_sink_alwaysProcess",joining,308
set,nodeGroupDispatch__group_aggregate__process__node__to_connection,2051,,,True,False,False,"flowAggregator,group_node,group_process_node,nodeGroupDispatch,nodeGroupDispatch__process_fully_inside,process_connection,process_source_sink_alwaysProcess",joining,312
set,nodeGroupDispatch__group_aggregate_Connection,2057,,,True,False,False,"nodeGroupDispatch__group_aggregate__process__connection__to_node,nodeGroupDispatch__group_aggregate__process__node__to_connection",multi_clause,201
set,nodeGroupDispatch__group_aggregate_Unit_to_group,2061,,,True,False,False,nodeGroupDispatch__group_aggregate__process__unit__to_node,simple,102
set,nodeGroupDispatch__group_aggregate_Group_to_unit,2064,,,True,False,False,nodeGroupDispatch__group_aggregate__process__node__to_unit,simple,102
param,p_positive_inflow,2067,"{n in node, (d,t) in dt: (n, 'no_inflow') not in node__inflow_method}",,True,False,False,pdtNodeInflow,conditional,64
param,p_negative_inflow,2070,"{n in node, (d,t) in dt}",,True,False,False,pdtNodeInflow,conditional,63
param,p_entity_pre_existing,2073,"{e in entity, d in period_in_use}",,True,False,False,"edEntity_lifetime,entity__lifetime_method,node,p_node,p_process,p_years_d,pdNode,pdProcess,period_first,process",conditional,2700
param,p_entity_existing_capacity_later_solves,2088,"{e in entity, d in period_in_use}",,True,False,False,"ed_history_realized,edd_history,p_entity_period_existing_capacity,p_model",conditional,163
param,p_entity_all_existing,2090,"{e in entity, d in period_in_use}",,True,False,False,"entityDivest,p_entity_divested,p_entity_existing_capacity_later_solves,p_entity_pre_existing,p_model",conditional,229
param,p_entity_existing_count,2096,"{e in entity, d in period_in_use}",,True,False,False,"p_entity_all_existing,p_entity_unitsize",simple,56
param,p_entity_existing_integer_count,2100,"{e in entity, d in period_in_use}",,True,False,False,p_entity_existing_count,simple,40
param,p_entity_previously_invested_capacity,2103,"{e in entity, d in period_in_use}",,True,False,False,"ed_history_realized,edd_history,p_entity_period_invested_capacity,p_model",conditional,163
param,p_entity_max_capacity,2106,"{e in entity, d in period_in_use}",,True,False,False,"e_invest_max_total,e_invest_total,ed_cumulative_max_capacity,ed_invest_cumulative,ed_invest_max_period,ed_invest_period,entity__invest_method,p_entity_all_existing,p_unconstrained_flow_cap",conditional,546
param,p_entity_max_units,2117,"{e in entity, d in period}",,True,False,False,"p_entity_max_capacity,p_entity_unitsize",simple,56
param,p_entity_invest_cumulative_max,2122,"{e in entityInvest, d in period_in_use}",,True,False,False,"e_invest_max_total,e_invest_total,ed_cumulative_max_capacity,ed_invest_cumulative,ed_invest_forbidden_no_investment,ed_invest_max_period,ed_invest_period,edd_invest,entity__invest_method,p_entity_all_existing,p_unconstrained_flow_cap",conditional,1040
param,p_entity_divest_cumulative_max,2155,"{e in entityDivest, d in period_in_use}",,True,False,False,"e_divest_max_total,e_divest_total,ed_divest_max_period,ed_divest_period,p_years_d",conditional,563
param,p_entity_dispatch_capacity_max,2176,"{e in entity, d in period_in_use}",,True,False,False,"entityInvest,p_entity_all_existing,p_entity_invest_cumulative_max",conditional,105
set,process_source_coeff_zero,2187,,,True,False,False,"p_process_source_max_capacity_coefficient,process_source",simple,89
set,process_sink_coeff_zero,2189,,,True,False,False,"p_process_sink_max_capacity_coefficient,process_sink",simple,81
set,process_source_sink_coeff_zero,2190,,,True,False,False,"process_sink_coeff_zero,process_source_coeff_zero,process_source_sink",simple,122
param,p_flow_max,2191,"{(p, source, sink, d, t) in peedt}",,True,False,False,"p_entity_dispatch_capacity_max,p_entity_unitsize,p_process_sink_max_capacity_coefficient,p_process_source_max_capacity_coefficient,p_unconstrained_flow_cap,pdtProcess_section,pdtProcess_slope,process__ct_method,process__method_indirect,process_sink,process_source,process_source_sink_coeff_zero",conditional,716
param,p_flow_min,2210,"{(p, source, sink, d, t) in peedt}",,True,False,False,"p_entity_dispatch_capacity_max,p_entity_unitsize,process__source__sinkIsNode_2way1var",conditional,139
set,process_VRE,2216,,,True,False,False,"process__node__profile__profile_method,process_source,process_unit",simple,193
param,p_state_slack_share,2219,"{(g,n) in group_node, (d,t) in dt: g in group_loss_share}",,True,False,False,"group__loss_share_type,group_node,pdtNodeInflow",conditional,224
param,p_storage_state_reference_price,2223,"{n in nodeState, d in period_in_use}",,True,False,False,"dtt_timeline_matching,ndt_fix_storage_price,node__storage_solve_horizon_method,p_fix_storage_price,pdNode,period__branch,period__time_last",conditional,408
param,d_obj,2230,,0,False,False,False,,data_loaded,0
param,d_flow,2232,"{(p, source, sink, d, t) in peedt}",0,False,False,False,,data_loaded,0
param,d_flow_1_or_2_variable,2233,"{(p, source, sink, d, t) in peedt}",0,False,False,False,,data_loaded,0
param,d_flowInvest,2234,"{(p, d) in pd_invest}",0,False,False,False,,data_loaded,0
param,d_reserve_upDown_node,2235,"{(p, r, ud, n, d, t) in prundt}",0,False,False,False,,data_loaded,0
param,dq_reserve,2236,"{(r, ud, ng) in reserve__upDown__group, (d, t) in dt}",0,False,False,False,,data_loaded,0
param,p_angle_lower,2241,{n in node_dc_power_flow},,True,False,False,node_reference_angle,conditional,52
param,p_angle_upper,2242,{n in node_dc_power_flow},,True,False,False,node_reference_angle,conditional,51
set,p_online_dt,2251,,,True,False,False,"block__period__step,dt,process__block,process_online",simple,119
param,solve_progress,2532,,,True,False,False,,simple,31
param,total_obj_cost,2702,,,True,False,False,,simple,8
param,balance,2962,,,True,False,False,,simple,8
param,reserves,3092,,,True,False,False,,simple,8
param,rest,4788,,,True,False,False,,simple,8
param,r_solution,5848,,,True,False,False,,simple,8
param,hours_in_realized_period,6460,{d in d_realized_period},,True,False,False,"dt_realize_dispatch,step_duration",simple,57
param,realized_period_share_of_year,6462,{d in d_realized_period},,True,False,False,hours_in_realized_period,simple,34
param,entity_all_capacity,6463,"{e in entity, d in period}",,True,False,True,"ed_divest,edd_invest,p_entity_all_existing,p_entity_unitsize,p_years_d",simple,243
param,r_process__source__sink_Flow__dt,6485,"{(p, source, sink) in process_source_sink_alwaysProcess, (d, t) in dt}",,True,False,True,"method_1var_per_way,method_nvar,p_entity_unitsize,p_process_sink_flow_coefficient,p_process_source_flow_coefficient,pdtProcess_section,pdtProcess_slope,process__ct_method,process__profileProcess__toSink,process__source__toProfileProcess,process_method,process_online_integer,process_online_linear,process_process_toSink,process_process_toSink_direct,process_sink_toSource,process_source_sink,process_source_toProcess,process_source_toProcess_direct,process_source_toSink,process_unit",conditional,2367
param,r_storage_usage_dt,6528,"{(n,'fix_usage') in node__storage_nested_fix_method, (d, t) in dt_fix_storage_timesteps}",,True,False,False,"process_source_sink_alwaysProcess,r_process__source__sink_Flow__dt,step_duration",simple,265
param,fn_entity_period_existing_capacity,6533,,,True,False,False,p_entity_period_existing_capacity,simple,50
param,fn_entity_divested,6550,,,True,False,False,p_entity_divested,simple,34
param,fn_fix_quantity_nodeState__dt,6561,,,True,False,False,,simple,37
param,fn_fix_price_nodeState__dt,6576,,,True,False,False,,simple,34
param,fn_fix_usage_nodeState__dt,6596,,,True,False,False,,simple,34
param,fn_p_roll_continue_state,6623,,,True,False,False,p_roll_continue_state,simple,38
param,fn_unit_capacity,6642,,,True,False,False,,simple,38
param,fn_connection_capacity,6656,,,True,False,False,,simple,44
param,fn_node_capacity,6670,,,True,False,False,,simple,38
